{
  "ft_id_stations": 2525907, 
  "center_start": [
    40.76651363380662, 
    -73.91517456927987
  ], 
  "ft_id_mask": 2525908, 
  "ft_id_lines": 2525439
}