{"ft_id_stations": 2535172, "center_start": [40.76651363380662, -73.91517456927987], "ft_id_mask": 2535277, "ft_id_lines": 2535420}